{"cameraMode":{"drawMode":0,"name":"Shaded","section":"Shading Mode"},"sceneLighting":true,"audioPlay":false,"sceneViewState":{"showFog":true,"showMaterialUpdate":false,"showSkybox":true,"showFlares":true,"showImageEffects":true,"showParticleSystems":true},"in2DMode":false,"pivot":{"x":6.315593719482422,"y":1.1799999475479127,"z":-6.6599440574646},"rotation":{"x":0.0041746580973267559,"y":-0.9881224632263184,"z":0.15116950869560243,"w":0.027285292744636537},"size":2.870943307876587,"orthographic":false}